;Presença(%);Twitter;Gastos;Propostas;Participação em órgãos;Gestão em órgãos
0;9.825436408977556;0.0;4.613633644993029;5.483870967741935;5.0;0.0
1;9.576059850374065;4.770370370370371;9.7167367254869;10.0;6.666666666666666;3.333333333333333
2;0.0;10.0;0.0;0.0;0.0;0.0
3;9.42643391521197;1.4433862433862432;10.0;3.870967741935484;1.6666666666666665;0.0
4;9.999999999999998;6.916402116402116;5.615125851011131;8.870967741935484;10.0;10.0
